{
  "stats_version": 3,
  "logq_scale": 9.909406661987305,
  "time_offset": -3.799999952316284,
  "time_scale": 308.5,
  "pos_mean": [
    1.2680433769673982e-07,
    0.0,
    0.06499999761581421
  ],
  "pos_std": [
    30.648941040039062,
    30.64893913269043,
    0.0050034672021865845
  ],
  "label_mean": [
    0.25723710656166077,
    -0.12700532376766205,
    0.0009271475137211382,
    0.0010176135692745447,
    3.584083318710327
  ],
  "label_std": [
    40.97563552856445,
    40.6834602355957,
    0.3552810549736023,
    0.35373255610466003,
    1.0980147123336792
  ],
  "n_events": 50176
}