{
  "log_q_mean": 2.1154232025146484,
  "log_q_std": 3.3035759925842285,
  "t_rel_mean": 2.2594568729400635,
  "t_rel_std": 34.20236587524414
}